{
    "materials":[],
    "normals":[-1,0,0,-0,0,-1,1,0,0,0,0,1,0,-1,0,0,0.447214,0.894427,-0.988936,0.14834,-0,0,-0.544988,-0.838444,1,0,0,0,0,0,-0,-1,0,-0.485071,0.727607,0.485071,-1,0,0,0.988936,0.14834,-0,0,-1,0,0.485071,0.727607,0.485071,0,-0.447214,-0.894427,0,0.544988,0.838444,0,-1,0,-0,0,1,0,-1,0,0,1,-0,-0.707107,0,0.707107,-0,-1,0,0,1,-0,0.707107,0,0.707107,0,-1,0,-0,1,-0,0,-1,0,0,1,-0],
    "metadata":{
        "version":3,
        "normals":30,
        "generator":"io_three",
        "materials":0,
        "type":"Geometry",
        "uvs":0,
        "vertices":64,
        "faces":48
    },
    "faces":[35,0,1,3,2,0,0,0,0,0,35,2,3,7,6,0,1,1,1,1,35,6,7,5,4,0,2,2,2,2,35,1,0,4,5,0,3,3,3,3,35,4,0,2,6,0,4,4,4,4,35,7,3,1,5,0,5,5,5,5,35,8,9,11,10,0,6,6,6,6,35,10,11,15,14,0,7,7,7,7,35,14,15,13,12,0,8,8,8,8,35,12,13,9,8,0,9,9,9,9,35,10,14,12,8,0,10,10,10,10,35,15,11,9,13,0,11,11,11,11,35,16,17,19,18,0,12,12,12,12,35,18,19,23,22,0,7,7,7,7,35,22,23,21,20,0,13,13,13,13,35,20,21,17,16,0,9,9,9,9,35,18,22,20,16,0,14,14,14,14,35,23,19,17,21,0,15,15,15,15,35,24,25,27,26,0,0,0,0,0,35,26,27,31,30,0,16,16,16,16,35,30,31,29,28,0,2,2,2,2,35,28,29,25,24,0,17,17,17,17,35,26,30,28,24,0,18,18,18,18,35,31,27,25,29,0,9,9,9,9,35,32,33,35,34,0,0,0,0,0,35,34,35,39,38,0,1,1,1,1,35,38,39,37,36,0,2,2,2,2,35,36,37,33,32,0,19,19,19,19,35,34,38,36,32,0,20,20,20,20,35,39,35,33,37,0,21,21,21,21,35,40,41,43,42,0,12,12,12,12,35,42,43,47,46,0,1,1,1,1,35,46,47,45,44,0,2,2,2,2,35,44,45,41,40,0,22,22,22,22,35,42,46,44,40,0,23,23,23,23,35,47,43,41,45,0,24,24,24,24,35,48,49,51,50,0,0,0,0,0,35,50,51,55,54,0,1,1,1,1,35,54,55,53,52,0,8,8,8,8,35,52,53,49,48,0,25,25,25,25,35,50,54,52,48,0,26,26,26,26,35,55,51,49,53,0,27,27,27,27,35,56,57,59,58,0,0,0,0,0,35,58,59,63,62,0,1,1,1,1,35,62,63,61,60,0,2,2,2,2,35,60,61,57,56,0,19,19,19,19,35,58,62,60,56,0,28,28,28,28,35,63,59,57,61,0,29,29,29,29],
    "vertices":[-1.5,-0,-1,-1.5,0.4,-1,-1.5,-0,-2,-1.5,2.4,-2,1.5,-0,-1,1.5,0.4,-1,1.5,-0,-2,1.5,2.4,-2,1.2,0.4,0.7,1.2,0.4,0.7,1.2,0.4,-0.7,1.5,2.4,-2,1.5,0.4,1,1.5,0.4,1,1.5,0.4,-0.7,1.5,2.4,-2,-1.5,0.4,1,-1.5,0.4,1,-1.5,0.4,-0.7,-1.5,2.4,-2,-1.2,0.4,0.7,-1.2,0.4,0.7,-1.2,0.4,-0.7,-1.5,2.4,-2,-1.5,0.4,-0.7,-1.5,2.4,-2,-1.5,0.4,-1,-1.5,2.4,-2,1.5,0.4,-0.7,1.5,2.4,-2,1.5,0.4,-1,1.5,2.4,-2,-1.2,0.2,0,-1.2,0.4,0,-1.2,0.2,-1,-1.2,0.4,-1,1.2,0.2,0,1.2,0.4,0,1.2,0.2,-1,1.2,0.4,-1,1.2,0.2,0.7,1.2,0.4,0.7,1.2,0.2,-1,1.2,0.4,-1,1.5,0.2,1,1.5,0.4,1,1.5,0.2,-1,1.5,0.4,-1,-1.5,0.2,1,-1.5,0.4,1,-1.5,0.2,-1,-1.5,0.4,-1,-1.2,0.2,0.7,-1.2,0.4,0.7,-1.2,0.2,-1,-1.2,0.4,-1,-1.5,0,1,-1.5,0.2,1,-1.5,-0,-1,-1.5,0.2,-1,1.5,0,1,1.5,0.2,1,1.5,-0,-1,1.5,0.2,-1],
    "uvs":[]
}